insert into room_type values (N'double',N'Fabulously appointed double room.');
insert into room_type values (N'family',N'Superior appartment for up to 3 people.');
insert into room_type values (N'single',N'Luxury accomodation suitable for one person.');
insert into room_type values (N'twin',N'Superb room with two beds.');
insert into rate values (N'double',1,56.00);
insert into rate values (N'double',2,72.00);
insert into rate values (N'family',1,56.00);
insert into rate values (N'family',2,72.00);
insert into rate values (N'family',3,84.00);
insert into rate values (N'single',1,48.00);
insert into rate values (N'twin',1,50.00);
insert into rate values (N'twin',2,72.00);
insert into room values (101,N'single',1);
insert into room values (102,N'double',2);
insert into room values (103,N'double',2);
insert into room values (104,N'double',2);
insert into room values (105,N'family',3);
insert into room values (106,N'double',2);
insert into room values (107,N'double',2);
insert into room values (108,N'double',2);
insert into room values (109,N'double',2);
insert into room values (110,N'double',2);
insert into room values (201,N'single',1);
insert into room values (202,N'double',2);
insert into room values (203,N'double',2);
insert into room values (204,N'double',2);
insert into room values (205,N'family',3);
insert into room values (206,N'double',2);
insert into room values (207,N'double',2);
insert into room values (208,N'double',2);
insert into room values (209,N'double',2);
insert into room values (210,N'double',2);
insert into room values (301,N'single',1);
insert into room values (302,N'double',2);
insert into room values (303,N'double',2);
insert into room values (304,N'double',2);
insert into room values (305,N'family',3);
insert into room values (306,N'double',2);
insert into room values (307,N'double',2);
insert into room values (308,N'double',2);
insert into room values (309,N'double',2);
insert into room values (310,N'double',2);
insert into guest values (1001,N'Jim',N'Dowd',N'Lewisham West and Penge');
insert into guest values (1002,N'Lyn',N'Brown',N'West Ham');
insert into guest values (1003,N'Ann',N'Clwyd',N'Cynon Valley');
insert into guest values (1004,N'Nic',N'Dakin',N'Scunthorpe');
insert into guest values (1005,N'Pat',N'Glass',N'North West Durham');
insert into guest values (1006,N'Kate',N'Hoey',N'Vauxhall');
insert into guest values (1007,N'Mike',N'Kane',N'Wythenshawe and Sale East');
insert into guest values (1008,N'John',N'Mann',N'Bassetlaw');
insert into guest values (1009,N'Joan',N'Ryan',N'Enfield North');
insert into guest values (1010,N'Cat',N'Smith',N'Lancaster and Fleetwood');
insert into guest values (1011,N'Mark',N'Tami',N'Alyn and Deeside');
insert into guest values (1012,N'Keith',N'Vaz',N'Leicester East');
insert into guest values (1013,N'Ian',N'Austin',N'Dudley North');
insert into guest values (1014,N'Liam',N'Byrne',N'Birmingham, Hodge Hill');
insert into guest values (1015,N'Ann',N'Coffey',N'Stockport');
insert into guest values (1016,N'Neil',N'Coyle',N'Bermondsey and Old Southwark');
insert into guest values (1017,N'John',N'Cryer',N'Leyton and Wanstead');
insert into guest values (1018,N'Peter',N'Dowd',N'Bootle');
insert into guest values (1019,N'Paul',N'Flynn',N'Newport West');
insert into guest values (1020,N'Kate',N'Green',N'Stretford and Urmston');
insert into guest values (1021,N'Sue',N'Hayman',N'Workington');
insert into guest values (1022,N'Dan',N'Jarvis',N'Barnsley Central');
insert into guest values (1023,N'Peter',N'Kyle',N'Hove');
insert into guest values (1024,N'Ian',N'Lavery',N'Wansbeck');
insert into guest values (1025,N'Rob',N'Marris',N'Wolverhampton South West');
insert into guest values (1026,N'Ian',N'Mearns',N'Gateshead');
insert into guest values (1027,N'Ian',N'Murray',N'Edinburgh South');
insert into guest values (1028,N'Lisa',N'Nandy',N'Wigan');
insert into guest values (1029,N'Jeff',N'Smith',N'Manchester, Withington');
insert into guest values (1030,N'Nick',N'Smith',N'Blaenau Gwent');
insert into guest values (1031,N'Owen',N'Smith',N'Pontypridd');
insert into guest values (1032,N'Jo',N'Stevens',N'Cardiff Central');
insert into guest values (1033,N'Tom',N'Watson',N'West Bromwich East');
insert into guest values (1034,N'Hilary',N'Benn',N'Leeds Central');
insert into guest values (1035,N'Dawn',N'Butler',N'Brent Central');
insert into guest values (1036,N'Mary',N'Creagh',N'Wakefield');
insert into guest values (1037,N'Jon',N'Cruddas',N'Dagenham and Rainham');
insert into guest values (1038,N'Wayne',N'David',N'Caerphilly');
insert into guest values (1039,N'Jack',N'Dromey',N'Birmingham, Erdington');
insert into guest values (1040,N'Maria',N'Eagle',N'Garston and Halewood');
insert into guest values (1041,N'Frank',N'Field',N'Birkenhead');
insert into guest values (1042,N'Helen',N'Hayes',N'Dulwich and West Norwood');
insert into guest values (1043,N'John',N'Healey',N'Wentworth and Dearne');
insert into guest values (1044,N'Dr Rupa',N'Huq',N'Ealing Central and Acton');
insert into guest values (1045,N'Helen',N'Jones',N'Warrington North');
insert into guest values (1046,N'Liz',N'Kendall',N'Leicester West');
insert into guest values (1047,N'Clive',N'Lewis',N'Norwich South');
insert into guest values (1048,N'Holly',N'Lynch',N'Halifax');
insert into guest values (1049,N'Liz',N'McInnes',N'Heywood and Middleton');
insert into guest values (1050,N'Jim',N'McMahon',N'Oldham West and Royton');
insert into guest values (1051,N'Melanie',N'Onn',N'Great Grimsby');
insert into guest values (1052,N'Chi',N'Onwurah',N'Newcastle upon Tyne Central');
insert into guest values (1053,N'Albert',N'Owen',N'Ynys Môn');
insert into guest values (1054,N'Ruth',N'Smeeth',N'Stoke-on-Trent North');
insert into guest values (1055,N'Karin',N'Smyth',N'Bristol South');
insert into guest values (1056,N'Karl',N'Turner',N'Kingston upon Hull East');
insert into guest values (1057,N'Derek',N'Twigg',N'Halton');
insert into guest values (1058,N'Valerie',N'Vaz',N'Walsall South');
insert into guest values (1059,N'Phil',N'Wilson',N'Sedgefield');
insert into guest values (1060,N'Kevin',N'Barron',N'Rother Valley');
insert into guest values (1061,N'John',N'Bercow',N'Buckingham');
insert into guest values (1062,N'Chris',N'Bryant',N'Rhondda');
insert into guest values (1063,N'Andy',N'Burnham',N'Leigh');
insert into guest values (1064,N'Ruth',N'Cadbury',N'Brentford and Isleworth');
insert into guest values (1065,N'Julie',N'Cooper',N'Burnley');
insert into guest values (1066,N'Rosie',N'Cooper',N'West Lancashire');
insert into guest values (1067,N'Clive',N'Efford',N'Eltham');
insert into guest values (1068,N'Chris',N'Elmore',N'Ogmore');
insert into guest values (1069,N'Gill',N'Furniss',N'Sheffield, Brightside and Hillsborough');
insert into guest values (1070,N'Mary',N'Glindon',N'North Tyneside');
insert into guest values (1071,N'Nia',N'Griffith',N'Llanelli');
insert into guest values (1072,N'Louise',N'Haigh',N'Sheffield, Heeley');
insert into guest values (1073,N'Kate',N'Hollern',N'Blackburn');
insert into guest values (1074,N'Alan',N'Johnson',N'Kingston upon Hull West and Hessle');
insert into guest values (1075,N'Gerald',N'Jones',N'Merthyr Tydfil and Rhymney');
insert into guest values (1076,N'Graham',N'Jones',N'Hyndburn');
insert into guest values (1077,N'Ian C.',N'Lucas',N'Wrexham');
insert into guest values (1078,N'Steve',N'McCabe',N'Birmingham, Selly Oak');
insert into guest values (1079,N'Conor',N'McGinn',N'St Helens North');
insert into guest values (1080,N'Toby',N'Perkins',N'Chesterfield');
insert into guest values (1081,N'Marie',N'Rimmer',N'St Helens South and Whiston');
insert into guest values (1082,N'Tulip',N'Siddiq',N'Hampstead and Kilburn');
insert into guest values (1083,N'Angela',N'Smith',N'Penistone and Stocksbridge');
insert into guest values (1084,N'John',N'Spellar',N'Warley');
insert into guest values (1085,N'Keir',N'Starmer',N'Holborn and St Pancras');
insert into guest values (1086,N'Jon',N'Trickett',N'Hemsworth');
insert into guest values (1087,N'Rushanara',N'Ali',N'Bethnal Green and Bow');
insert into guest values (1088,N'Kevin',N'Brennan',N'Cardiff West');
insert into guest values (1089,N'Ms Karen',N'Buck',N'Westminster North');
insert into guest values (1090,N'Jenny',N'Chapman',N'Darlington');
insert into guest values (1091,N'Vernon',N'Coaker',N'Gedling');
insert into guest values (1092,N'Yvette',N'Cooper',N'Normanton, Pontefract and Castleford');
insert into guest values (1093,N'Jeremy',N'Corbyn',N'Islington North');
insert into guest values (1094,N'Julie',N'Elliott',N'Sunderland Central');
insert into guest values (1095,N'Bill',N'Esterson',N'Sefton Central');
insert into guest values (1096,N'Paul',N'Farrelly',N'Newcastle-under-Lyme');
insert into guest values (1097,N'Robert',N'Flello',N'Stoke-on-Trent South');
insert into guest values (1098,N'Helen',N'Goodman',N'Bishop Auckland');
insert into guest values (1099,N'Andrew',N'Gwynne',N'Denton and Reddish');
insert into guest values (1100,N'Tristram',N'Hunt',N'Stoke-on-Trent Central');
insert into guest values (1101,N'Imran',N'Hussain',N'Bradford East');
insert into guest values (1102,N'Diana',N'Johnson',N'Kingston upon Hull North');
insert into guest values (1103,N'Mr Ivan',N'Lewis',N'Bury South');
insert into guest values (1104,N'Andy',N'McDonald',N'Middlesbrough');
insert into guest values (1105,N'Teresa',N'Pearce',N'Erith and Thamesmead');
insert into guest values (1106,N'Jess',N'Phillips',N'Birmingham, Yardley');
insert into guest values (1107,N'Stephen',N'Pound',N'Ealing North');
insert into guest values (1108,N'Angela',N'Rayner',N'Ashton-under-Lyne');
insert into guest values (1109,N'Mr Jamie',N'Reed',N'Copeland');
insert into guest values (1110,N'Rachel',N'Reeves',N'Leeds West');
insert into guest values (1111,N'Emma',N'Reynolds',N'Wolverhampton North East');
insert into guest values (1112,N'Naz',N'Shah',N'Bradford West');
insert into guest values (1113,N'Wes',N'Streeting',N'Ilford North');
insert into guest values (1114,N'Stephen',N'Timms',N'East Ham');
insert into guest values (1115,N'Mr Clive',N'Betts',N'Sheffield South East');
insert into guest values (1116,N'Tom',N'Blenkinsop',N'Middlesbrough South and East Cleveland');
insert into guest values (1117,N'Paul',N'Blomfield',N'Sheffield Central');
insert into guest values (1118,N'Richard',N'Burden',N'Birmingham, Northfield');
insert into guest values (1119,N'Richard',N'Burgon',N'Leeds East');
insert into guest values (1120,N'Sarah',N'Champion',N'Rotherham');
insert into guest values (1121,N'Judith',N'Cummins',N'Bradford South');
insert into guest values (1122,N'Michael',N'Dugher',N'Barnsley East');
insert into guest values (1123,N'Natascha',N'Engel',N'North East Derbyshire');
insert into guest values (1124,N'Caroline',N'Flint',N'Don Valley');
insert into guest values (1125,N'Vicky',N'Foxcroft',N'Lewisham, Deptford');
insert into guest values (1126,N'Barry',N'Gardiner',N'Brent North');
insert into guest values (1127,N'Carolyn',N'Harris',N'Swansea East');
insert into guest values (1128,N'Kelvin',N'Hopkins',N'Luton North');
insert into guest values (1129,N'Mr Kevan',N'Jones',N'North Durham');
insert into guest values (1130,N'Barbara',N'Keeley',N'Worsley and Eccles South');
insert into guest values (1131,N'Mr David',N'Lammy',N'Tottenham');
insert into guest values (1132,N'Kerry',N'McCarthy',N'Bristol East');
insert into guest values (1133,N'John',N'McDonnell',N'Hayes and Harlington');
insert into guest values (1134,N'Justin',N'Madders',N'Ellesmere Port and Neston');
insert into guest values (1135,N'Gordon',N'Marsden',N'Blackpool South');
insert into guest values (1136,N'Paul',N'Maskey',N'Belfast West');
insert into guest values (1137,N'Sir Alan',N'Meale',N'Mansfield');
insert into guest values (1138,N'Jessica',N'Morden',N'Newport East');
insert into guest values (1139,N'Grahame',N'Morris',N'Easington');
insert into guest values (1140,N'Yasmin',N'Qureshi',N'Bolton South East');
insert into guest values (1141,N'Christina',N'Rees',N'Neath');
insert into guest values (1142,N'Steve',N'Rotheram',N'Liverpool, Walton');
insert into guest values (1143,N'Paula',N'Sherriff',N'Dewsbury');
insert into guest values (1144,N'Andy',N'Slaughter',N'Hammersmith');
insert into guest values (1145,N'Catherine',N'West',N'Hornsey and Wood Green');
insert into guest values (1146,N'Mr Iain',N'Wright',N'Hartlepool');
insert into guest values (1147,N'Ms Diane',N'Abbott',N'Hackney North and Stoke Newington');
insert into guest values (1148,N'Debbie',N'Abrahams',N'Oldham East and Saddleworth');
insert into guest values (1149,N'Heidi',N'Alexander',N'Lewisham East');
insert into guest values (1150,N'Mr Graham',N'Allen',N'Nottingham North');
insert into guest values (1151,N'Guto',N'Bebb',N'Aberconwy');
insert into guest values (1152,N'Mr Ben',N'Bradshaw',N'Exeter');
insert into guest values (1153,N'Mickey',N'Brady',N'Newry and Armagh');
insert into guest values (1154,N'Alex',N'Cunningham',N'Stockton North');
insert into guest values (1155,N'Gloria',N'De Piero',N'Ashfield');
insert into guest values (1156,N'Ms Angela',N'Eagle',N'Wallasey');
insert into guest values (1157,N'Jim',N'Fitzpatrick',N'Poplar and Limehouse');
insert into guest values (1158,N'Yvonne',N'Fovargue',N'Makerfield');
insert into guest values (1159,N'Nick',N'Gibb',N'Bognor Regis and Littlehampton');
insert into guest values (1160,N'John',N'Glen',N'Salisbury');
insert into guest values (1161,N'Luke',N'Hall',N'Thornbury and Yate');
insert into guest values (1162,N'Fabian',N'Hamilton',N'Leeds North East');
insert into guest values (1163,N'Mr David',N'Hanson',N'Delyn');
insert into guest values (1164,N'Stephen',N'Kinnock',N'Aberavon');
insert into guest values (1165,N'Mr Pat',N'McFadden',N'Wolverhampton South East');
insert into guest values (1166,N'Alison',N'McGovern',N'Wirral South');
insert into guest values (1167,N'Shabana',N'Mahmood',N'Birmingham, Ladywood');
insert into guest values (1168,N'Edward',N'Miliband',N'Doncaster North');
insert into guest values (1169,N'Mr Andrew',N'Smith',N'Oxford East');
insert into guest values (1170,N'Graham',N'Stringer',N'Blackley and Broughton');
insert into guest values (1171,N'Mr Chuka',N'Umunna',N'Streatham');
insert into guest values (1172,N'Mike',N'Wood',N'Dudley South');
insert into guest values (1173,N'Daniel',N'Zeichner',N'Cambridge');
insert into guest values (1174,N'Lucy',N'Allan',N'Telford');
insert into guest values (1175,N'Margaret',N'Beckett',N'Derby South');
insert into guest values (1176,N'Jake',N'Berry',N'Rossendale and Darwen');
insert into guest values (1177,N'Nick',N'Boles',N'Grantham and Stamford');
insert into guest values (1178,N'Mr Alan',N'Campbell',N'Tynemouth');
insert into guest values (1179,N'Alex',N'Chalk',N'Cheltenham');
insert into guest values (1180,N'Greg',N'Clark',N'Tunbridge Wells');
insert into guest values (1181,N'Mr David',N'Crausby',N'Bolton North East');
insert into guest values (1182,N'Mark',N'Field',N'Cities of London and Westminster');
insert into guest values (1183,N'Colleen',N'Fletcher',N'Coventry North East');
insert into guest values (1184,N'Mike',N'Freer',N'Finchley and Golders Green');
insert into guest values (1185,N'Mr Roger',N'Godsiff',N'Birmingham, Hall Green');
insert into guest values (1186,N'James',N'Gray',N'North Wiltshire');
insert into guest values (1187,N'Lilian',N'Greenwood',N'Nottingham South');
insert into guest values (1188,N'Ben',N'Gummer',N'Ipswich');
insert into guest values (1189,N'Greg',N'Hands',N'Chelsea and Fulham');
insert into guest values (1190,N'Simon',N'Hart',N'Carmarthen West and South Pembrokeshire');
insert into guest values (1191,N'Lady',N'Hermon',N'North Down');
insert into guest values (1192,N'Mr Lindsay',N'Hoyle',N'Chorley');
insert into guest values (1193,N'Susan Elan',N'Jones',N'Clwyd South');
insert into guest values (1194,N'Fiona',N'Mactaggart',N'Slough');
insert into guest values (1195,N'Scott',N'Mann',N'North Cornwall');
insert into guest values (1196,N'Dr',N'Poulter',N'Central Suffolk and North Ipswich');
insert into guest values (1197,N'Amber',N'Rudd',N'Hastings and Rye');
insert into guest values (1198,N'Mel',N'Stride',N'Central Devon');
insert into guest values (1199,N'Ms Gisela',N'Stuart',N'Birmingham, Edgbaston');
insert into guest values (1200,N'Emily',N'Thornberry',N'Islington South and Finsbury');
insert into guest values (1201,N'Mr David',N'Winnick',N'Walsall North');
insert into guest values (1202,N'Nigel',N'Adams',N'Selby and Ainsty');
insert into guest values (1203,N'Heidi',N'Allen',N'South Cambridgeshire');
insert into guest values (1204,N'Mr David',N'Anderson',N'Blaydon');
insert into guest values (1205,N'James',N'Berry',N'Kingston and Surbiton');
insert into guest values (1206,N'Steve',N'Brine',N'Winchester');
insert into guest values (1207,N'Mr Nicholas',N'Brown',N'Newcastle upon Tyne East');
insert into guest values (1208,N'Fiona',N'Bruce',N'Congleton');
insert into guest values (1209,N'Conor',N'Burns',N'Bournemouth West');
insert into guest values (1210,N'Alun',N'Cairns',N'Vale of Glamorgan');
insert into guest values (1211,N'Mr Jim',N'Cunningham',N'Coventry South');
insert into guest values (1212,N'Glyn',N'Davies',N'Montgomeryshire');
insert into guest values (1213,N'Mims',N'Davies',N'Eastleigh');
insert into guest values (1214,N'Mr Pat',N'Doherty',N'West Tyrone');
insert into guest values (1215,N'Dr Liam',N'Fox',N'North Somerset');
insert into guest values (1216,N'Lucy',N'Frazer',N'South East Cambridgeshire');
insert into guest values (1217,N'Marcus',N'Fysh',N'Yeovil');
insert into guest values (1218,N'Chris',N'Green',N'Bolton West');
insert into guest values (1219,N'Ms Harriet',N'Harman',N'Camberwell and Peckham');
insert into guest values (1220,N'Simon',N'Hoare',N'North Dorset');
insert into guest values (1221,N'Mr George',N'Howarth',N'Knowsley');
insert into guest values (1222,N'John',N'Howell',N'Henley');
insert into guest values (1223,N'Ben',N'Howlett',N'Bath');
insert into guest values (1224,N'Sajid',N'Javid',N'Bromsgrove');
insert into guest values (1225,N'Simon',N'Kirby',N'Brighton, Kemptown');
insert into guest values (1226,N'Siobhain',N'McDonagh',N'Mitcham and Morden');
insert into guest values (1227,N'Mr Khalid',N'Mahmood',N'Birmingham, Perry Barr');
insert into guest values (1228,N'Mr Alan',N'Mak',N'Havant');
insert into guest values (1229,N'Nigel',N'Mills',N'Amber Valley');
insert into guest values (1230,N'Anne',N'Milton',N'Guildford');
insert into guest values (1231,N'Francie',N'Molloy',N'Mid Ulster');
insert into guest values (1232,N'David',N'Mowat',N'Warrington South');
insert into guest values (1233,N'Neil',N'Parish',N'Tiverton and Honiton');
insert into guest values (1234,N'Priti',N'Patel',N'Witham');
insert into guest values (1235,N'Mark',N'Pawsey',N'Rugby');
insert into guest values (1236,N'Matthew',N'Pennycook',N'Greenwich and Woolwich');
insert into guest values (1237,N'Chris',N'Philp',N'Croydon South');
insert into guest values (1238,N'Rebecca',N'Pow',N'Taunton Deane');
insert into guest values (1239,N'Jeremy',N'Quin',N'Horsham');
insert into guest values (1240,N'Will',N'Quince',N'Colchester');
insert into guest values (1241,N'Paul',N'Scully',N'Sutton and Cheam');
insert into guest values (1242,N'Alok',N'Sharma',N'Reading West');
insert into guest values (1243,N'Mr Dennis',N'Skinner',N'Bolsover');
insert into guest values (1244,N'Chloe',N'Smith',N'Norwich North');
insert into guest values (1245,N'Henry',N'Smith',N'Crawley');
insert into guest values (1246,N'Anna',N'Soubry',N'Broxtowe');
insert into guest values (1247,N'Bob',N'Stewart',N'Beckenham');
insert into guest values (1248,N'Rishi',N'Sunak',N'Richmond (Yorks)');
insert into guest values (1249,N'Matt',N'Warman',N'Boston and Skegness');
insert into guest values (1250,N'Chris',N'White',N'Warwick and Leamington');
insert into guest values (1251,N'Dr Alan',N'Whitehead',N'Southampton, Test');
insert into guest values (1252,N'Bill',N'Wiggin',N'North Herefordshire');
insert into guest values (1253,N'Adam',N'Afriyie',N'Windsor');
insert into guest values (1254,N'Peter',N'Aldous',N'Waveney');
insert into guest values (1255,N'Edward',N'Argar',N'Charnwood');
insert into guest values (1256,N'Bob',N'Blackman',N'Harrow East');
insert into guest values (1257,N'Mr Ronnie',N'Campbell',N'Blyth Valley');
insert into guest values (1258,N'Jo',N'Churchill',N'Bury St Edmunds');
insert into guest values (1259,N'Simon',N'Danczuk',N'Rochdale');
insert into guest values (1260,N'Byron',N'Davies',N'Gower');
insert into guest values (1261,N'Chris',N'Davies',N'Brecon and Radnorshire');
insert into guest values (1262,N'Thangam',N'Debbonaire',N'Bristol West');
insert into guest values (1263,N'Steve',N'Double',N'St Austell and Newquay');
insert into guest values (1264,N'Richard',N'Drax',N'South Dorset');
insert into guest values (1265,N'Jane',N'Ellison',N'Battersea');
insert into guest values (1266,N'Graham',N'Evans',N'Weaver Vale');
insert into guest values (1267,N'Kevin',N'Foster',N'Torbay');
insert into guest values (1268,N'Mike',N'Gapes',N'Ilford South');
insert into guest values (1269,N'Mark',N'Garnier',N'Wyre Forest');
insert into guest values (1270,N'Nusrat',N'Ghani',N'Wealden');
insert into guest values (1271,N'Michael',N'Gove',N'Surrey Heath');
insert into guest values (1272,N'Damian',N'Green',N'Ashford');
insert into guest values (1273,N'Margaret',N'Greenwood',N'Wirral West');
insert into guest values (1274,N'Mr Stephen',N'Hepburn',N'Jarrow');
insert into guest values (1275,N'Nick',N'Herbert',N'Arundel and South Downs');
insert into guest values (1276,N'Damian',N'Hinds',N'East Hampshire');
insert into guest values (1277,N'Mrs Sharon',N'Hodgson',N'Washington and Sunderland West');
insert into guest values (1278,N'Kris',N'Hopkins',N'Keighley');
insert into guest values (1279,N'Mr Nick',N'Hurd',N'Ruislip, Northwood and Pinner');
insert into guest values (1280,N'Margot',N'James',N'Stourbridge');
insert into guest values (1281,N'Andrew',N'Jones',N'Harrogate and Knaresborough');
insert into guest values (1282,N'Sir Gerald',N'Kaufman',N'Manchester, Gorton');
insert into guest values (1283,N'Tim',N'Loughton',N'East Worthing and Shoreham');
insert into guest values (1284,N'Karen',N'Lumley',N'Redditch');
insert into guest values (1285,N'Christian',N'Matheson',N'City of Chester');
insert into guest values (1286,N'Paul',N'Maynard',N'Blackpool North and Cleveleys');
insert into guest values (1287,N'Mark',N'Menzies',N'Fylde');
insert into guest values (1288,N'Huw',N'Merriman',N'Bexhill and Battle');
insert into guest values (1289,N'Mrs Madeleine',N'Moon',N'Bridgend');
insert into guest values (1290,N'Nicky',N'Morgan',N'Loughborough');
insert into guest values (1291,N'David',N'Morris',N'Morecambe and Lunesdale');
insert into guest values (1292,N'James',N'Morris',N'Halesowen and Rowley Regis');
insert into guest values (1293,N'Wendy',N'Morton',N'Aldridge-Brownhills');
insert into guest values (1294,N'Robert',N'Neill',N'Bromley and Chislehurst');
insert into guest values (1295,N'Sarah',N'Newton',N'Truro and Falmouth');
insert into guest values (1296,N'Jesse',N'Norman',N'Hereford and South Herefordshire');
insert into guest values (1297,N'Guy',N'Opperman',N'Hexham');
insert into guest values (1298,N'Mike',N'Penning',N'Hemel Hempstead');
insert into guest values (1299,N'John',N'Penrose',N'Weston-super-Mare');
insert into guest values (1300,N'Andrew',N'Percy',N'Brigg and Goole');
insert into guest values (1301,N'Claire',N'Perry',N'Devizes');
insert into guest values (1302,N'Bridget',N'Phillipson',N'Houghton and Sunderland South');
insert into guest values (1303,N'Dominic',N'Raab',N'Esher and Walton');
insert into guest values (1304,N'John',N'Redwood',N'Wokingham');
insert into guest values (1305,N'David',N'Rutley',N'Macclesfield');
insert into guest values (1306,N'Grant',N'Shapps',N'Welwyn Hatfield');
insert into guest values (1307,N'Mr Virendra',N'Sharma',N'Ealing, Southall');
insert into guest values (1308,N'Julian',N'Smith',N'Skipton and Ripon');
insert into guest values (1309,N'Mark',N'Spencer',N'Sherwood');
insert into guest values (1310,N'Iain',N'Stewart',N'Milton Keynes South');
insert into guest values (1311,N'Rory',N'Stewart',N'Penrith and The Border');
insert into guest values (1312,N'Derek',N'Thomas',N'St Ives');
insert into guest values (1313,N'Craig',N'Tracey',N'North Warwickshire');
insert into guest values (1314,N'Stuart',N'Andrew',N'Pudsey');
insert into guest values (1315,N'Mr John',N'Baron',N'Basildon and Billericay');
insert into guest values (1316,N'Gavin',N'Barwell',N'Croydon Central');
insert into guest values (1317,N'Crispin',N'Blunt',N'Reigate');
insert into guest values (1318,N'Mr Peter',N'Bone',N'Wellingborough');
insert into guest values (1319,N'Karen',N'Bradley',N'Staffordshire Moorlands');
insert into guest values (1320,N'Tom',N'Brake',N'Carshalton and Wallington');
insert into guest values (1321,N'Alistair',N'Burt',N'North East Bedfordshire');
insert into guest values (1322,N'Alberto',N'Costa',N'South Leicestershire');
insert into guest values (1323,N'Stephen',N'Crabb',N'Preseli Pembrokeshire');
insert into guest values (1324,N'Tracey',N'Crouch',N'Chatham and Aylesford');
insert into guest values (1325,N'Philip',N'Davies',N'Shipley');
insert into guest values (1326,N'Oliver',N'Dowden',N'Hertsmere');
insert into guest values (1327,N'Michael',N'Ellis',N'Northampton North');
insert into guest values (1328,N'Chris',N'Evans',N'Islwyn');
insert into guest values (1329,N'Zac',N'Goldsmith',N'Richmond Park');
insert into guest values (1330,N'Mr Sam',N'Gyimah',N'East Surrey');
insert into guest values (1331,N'Robert',N'Halfon',N'Harlow');
insert into guest values (1332,N'Mr John',N'Hayes',N'South Holland and The Deepings');
insert into guest values (1333,N'James',N'Heappey',N'Wells');
insert into guest values (1334,N'Meg',N'Hillier',N'Hackney South and Shoreditch');
insert into guest values (1335,N'Dame Margaret',N'Hodge',N'Barking');
insert into guest values (1336,N'Adam',N'Holloway',N'Gravesham');
insert into guest values (1337,N'Boris',N'Johnson',N'Uxbridge and South Ruislip');
insert into guest values (1338,N'Seema',N'Kennedy',N'South Ribble');
insert into guest values (1339,N'Julian',N'Knight',N'Solihull');
insert into guest values (1340,N'Jeremy',N'Lefroy',N'Stafford');
insert into guest values (1341,N'Brandon',N'Lewis',N'Great Yarmouth');
insert into guest values (1342,N'Rebecca',N'Long Bailey',N'Salford and Eccles');
insert into guest values (1343,N'Jack',N'Lopresti',N'Filton and Bradley Stoke');
insert into guest values (1344,N'Caroline',N'Lucas',N'Brighton, Pavilion');
insert into guest values (1345,N'Catherine',N'McKinnell',N'Newcastle upon Tyne North');
insert into guest values (1346,N'Mrs Anne',N'Main',N'St Albans');
insert into guest values (1347,N'Kit',N'Malthouse',N'North West Hampshire');
insert into guest values (1348,N'Johnny',N'Mercer',N'Plymouth, Moor View');
insert into guest values (1349,N'David',N'Mundell',N'Dumfriesshire, Clydesdale and Tweeddale');
insert into guest values (1350,N'Kate',N'Osamor',N'Edmonton');
insert into guest values (1351,N'Lucy',N'Powell',N'Manchester Central');
insert into guest values (1352,N'Mr Mark',N'Prisk',N'Hertford and Stortford');
insert into guest values (1353,N'John',N'Pugh',N'Southport');
insert into guest values (1354,N'Tom',N'Pursglove',N'Corby');
insert into guest values (1355,N'Mary',N'Robinson',N'Cheadle');
insert into guest values (1356,N'Andrew',N'Selous',N'South West Bedfordshire');
insert into guest values (1357,N'Royston',N'Smith',N'Southampton, Itchen');
insert into guest values (1358,N'Graham',N'Stuart',N'Beverley and Holderness');
insert into guest values (1359,N'Julian',N'Sturdy',N'York Outer');
insert into guest values (1360,N'Mr Hugo',N'Swire',N'East Devon');
insert into guest values (1361,N'Nick',N'Thomas-Symonds',N'Torfaen');
insert into guest values (1362,N'Maggie',N'Throup',N'Erewash');
insert into guest values (1363,N'Tom',N'Tugendhat',N'Tonbridge and Malling');
insert into guest values (1364,N'Anna',N'Turley',N'Redcar');
insert into guest values (1365,N'James',N'Wharton',N'Stockton South');
insert into guest values (1366,N'Helen',N'Whately',N'Faversham and Mid Kent');
insert into guest values (1367,N'Hywel',N'Williams',N'Arfon');
insert into guest values (1368,N'Mr Rob',N'Wilson',N'Reading East');
insert into guest values (1369,N'William',N'Wragg',N'Hazel Grove');
insert into guest values (1370,N'Jeremy',N'Wright',N'Kenilworth and Southam');
insert into guest values (1371,N'Nadhim',N'Zahawi',N'Stratford-on-Avon');
insert into guest values (1372,N'Dr Rosena',N'Allin-Khan',N'Tooting');
insert into guest values (1373,N'Mr Steve',N'Baker',N'Wycombe');
insert into guest values (1374,N'Richard',N'Benyon',N'Newbury');
insert into guest values (1375,N'Andrew',N'Bingham',N'High Peak');
insert into guest values (1376,N'Andrew',N'Bridgen',N'North West Leicestershire');
insert into guest values (1377,N'Rehman',N'Chishti',N'Gillingham and Rainham');
insert into guest values (1378,N'James',N'Cleverly',N'Braintree');
insert into guest values (1379,N'Damian',N'Collins',N'Folkestone and Hythe');
insert into guest values (1380,N'Oliver',N'Colvile',N'Plymouth, Sutton and Devonport');
insert into guest values (1381,N'Mr David',N'Davis',N'Haltemprice and Howden');
insert into guest values (1382,N'Nadine',N'Dorries',N'Mid Bedfordshire');
insert into guest values (1383,N'George',N'Eustice',N'Camborne and Redruth');
insert into guest values (1384,N'Mr Nigel',N'Evans',N'Ribble Valley');
insert into guest values (1385,N'David',N'Evennett',N'Bexleyheath and Crayford');
insert into guest values (1386,N'Michael',N'Fallon',N'Sevenoaks');
insert into guest values (1387,N'Tim',N'Farron',N'Westmorland and Lonsdale');
insert into guest values (1388,N'George',N'Freeman',N'Mid Norfolk');
insert into guest values (1389,N'Richard',N'Fuller',N'Bedford');
insert into guest values (1390,N'Sir Roger',N'Gale',N'North Thanet');
insert into guest values (1391,N'Mr David',N'Gauke',N'South West Hertfordshire');
insert into guest values (1392,N'Richard',N'Graham',N'Gloucester');
insert into guest values (1393,N'Chris',N'Grayling',N'Epsom and Ewell');
insert into guest values (1394,N'Mr Mark',N'Harper',N'Forest of Dean');
insert into guest values (1395,N'Rebecca',N'Harris',N'Castle Point');
insert into guest values (1396,N'Mr Jeremy',N'Hunt',N'South West Surrey');
insert into guest values (1397,N'Andrea',N'Jenkyns',N'Morley and Outwood');
insert into guest values (1398,N'Robert',N'Jenrick',N'Newark');
insert into guest values (1399,N'Gareth',N'Johnson',N'Dartford');
insert into guest values (1400,N'Joseph',N'Johnson',N'Orpington');
insert into guest values (1401,N'Mr David',N'Jones',N'Clwyd West');
insert into guest values (1402,N'Kwasi',N'Kwarteng',N'Spelthorne');
insert into guest values (1403,N'Mark',N'Lancaster',N'Milton Keynes North');
insert into guest values (1404,N'Pauline',N'Latham',N'Mid Derbyshire');
insert into guest values (1405,N'Andrea',N'Leadsom',N'South Northamptonshire');
insert into guest values (1406,N'Dr Phillip',N'Lee',N'Bracknell');
insert into guest values (1407,N'Chris',N'Leslie',N'Nottingham East');
insert into guest values (1408,N'Mrs Emma',N'Lewell-Buck',N'South Shields');
insert into guest values (1409,N'Karl',N'McCartney',N'Lincoln');
insert into guest values (1410,N'Natalie',N'McGarry',N'Glasgow East');
insert into guest values (1411,N'Amanda',N'Milling',N'Cannock Chase');
insert into guest values (1412,N'Penny',N'Mordaunt',N'Portsmouth North');
insert into guest values (1413,N'Caroline',N'Nokes',N'Romsey and Southampton North');
insert into guest values (1414,N'Mark',N'Pritchard',N'The Wrekin');
insert into guest values (1415,N'Mr Geoffrey',N'Robinson',N'Coventry North West');
insert into guest values (1416,N'Chris',N'Skidmore',N'Kingswood');
insert into guest values (1417,N'John',N'Stevenson',N'Carlisle');
insert into guest values (1418,N'Mr Robert',N'Syms',N'Poole');
insert into guest values (1419,N'Edward',N'Timpson',N'Crewe and Nantwich');
insert into guest values (1420,N'Kelly',N'Tolhurst',N'Rochester and Strood');
insert into guest values (1421,N'Martin',N'Vickers',N'Cleethorpes');
insert into guest values (1422,N'Mr Ben',N'Wallace',N'Wyre and Preston North');
insert into guest values (1423,N'Craig',N'Williams',N'Cardiff North');
insert into guest values (1424,N'Dame Rosie',N'Winterton',N'Doncaster Central');
insert into guest values (1425,N'Sir David',N'Amess',N'Southend West');
insert into guest values (1426,N'Caroline',N'Ansell',N'Eastbourne');
insert into guest values (1427,N'Victoria',N'Atkins',N'Louth and Horncastle');
insert into guest values (1428,N'Stephen',N'Barclay',N'North East Cambridgeshire');
insert into guest values (1429,N'Mr Graham',N'Brady',N'Altrincham and Sale West');
insert into guest values (1430,N'Robert',N'Buckland',N'South Swindon');
insert into guest values (1431,N'Sir Simon',N'Burns',N'Chelmsford');
insert into guest values (1432,N'Neil',N'Carmichael',N'Stroud');
insert into guest values (1433,N'James',N'Cartlidge',N'South Suffolk');
insert into guest values (1434,N'Maria',N'Caulfield',N'Lewes');
insert into guest values (1435,N'Mr Geoffrey',N'Cox',N'Torridge and West Devon');
insert into guest values (1436,N'Stella',N'Creasy',N'Walthamstow');
insert into guest values (1437,N'Dr James',N'Davies',N'Vale of Clwyd');
insert into guest values (1438,N'James',N'Duddridge',N'Rochford and Southend East');
insert into guest values (1439,N'Sir Alan',N'Duncan',N'Rutland and Melton');
insert into guest values (1440,N'Mr Philip',N'Dunne',N'Ludlow');
insert into guest values (1441,N'Jonathan',N'Edwards',N'Carmarthen East and Dinefwr');
insert into guest values (1442,N'Mrs Helen',N'Grant',N'Maidstone and The Weald');
insert into guest values (1443,N'Stephen',N'Hammond',N'Wimbledon');
insert into guest values (1444,N'Matthew',N'Hancock',N'West Suffolk');
insert into guest values (1445,N'Mr Marcus',N'Jones',N'Nuneaton');
insert into guest values (1446,N'Sir Greg',N'Knight',N'East Yorkshire');
insert into guest values (1447,N'Norman',N'Lamb',N'North Norfolk');
insert into guest values (1448,N'Dr Julian',N'Lewis',N'New Forest East');
insert into guest values (1449,N'Mr Peter',N'Lilley',N'Hitchin and Harpenden');
insert into guest values (1450,N'Jason',N'McCartney',N'Colne Valley');
insert into guest values (1451,N'Craig',N'Mackinlay',N'South Thanet');
insert into guest values (1452,N'Mrs Theresa',N'May',N'Maidenhead');
insert into guest values (1453,N'Mr Steve',N'Reed',N'Croydon North');
insert into guest values (1454,N'Alec',N'Shelbrooke',N'Elmet and Rothwell');
insert into guest values (1455,N'Amanda',N'Solloway',N'Derby North');
insert into guest values (1456,N'Gareth',N'Thomas',N'Harrow West');
insert into guest values (1457,N'Michelle',N'Thomson',N'Edinburgh West');
insert into guest values (1458,N'Elizabeth',N'Truss',N'South West Norfolk');
insert into guest values (1459,N'Stephen',N'Twigg',N'Liverpool, West Derby');
insert into guest values (1460,N'Mr Andrew',N'Tyrie',N'Chichester');
insert into guest values (1461,N'Mr Robin',N'Walker',N'Worcester');
insert into guest values (1462,N'David',N'Warburton',N'Somerton and Frome');
insert into guest values (1463,N'Heather',N'Wheeler',N'South Derbyshire');
insert into guest values (1464,N'Craig',N'Whittaker',N'Calder Valley');
insert into guest values (1465,N'John',N'Woodcock',N'Barrow and Furness');
insert into guest values (1466,N'Mr Richard',N'Bacon',N'South Norfolk');
insert into guest values (1467,N'Harriett',N'Baldwin',N'West Worcestershire');
insert into guest values (1468,N'Luciana',N'Berger',N'Liverpool, Wavertree');
insert into guest values (1469,N'Nicola',N'Blackwood',N'Oxford West and Abingdon');
insert into guest values (1470,N'Victoria',N'Borwick',N'Kensington');
insert into guest values (1471,N'Mr David',N'Cameron',N'Witney');
insert into guest values (1472,N'Sir William',N'Cash',N'Stone');
insert into guest values (1473,N'Geraint',N'Davies',N'Swansea West');
insert into guest values (1474,N'Michelle',N'Donelan',N'Chippenham');
insert into guest values (1475,N'Charlie',N'Elphicke',N'Dover');
insert into guest values (1476,N'Suella',N'Fernandes',N'Fareham');
insert into guest values (1477,N'Mr Mark',N'Francois',N'Rayleigh and Wickford');
insert into guest values (1478,N'Justine',N'Greening',N'Putney');
insert into guest values (1479,N'Andrew',N'Griffiths',N'Burton');
insert into guest values (1480,N'Sir Oliver',N'Heald',N'North East Hertfordshire');
insert into guest values (1481,N'Gordon',N'Henderson',N'Sittingbourne and Sheppey');
insert into guest values (1482,N'Kevin',N'Hollinrake',N'Thirsk and Malton');
insert into guest values (1483,N'Nigel',N'Huddleston',N'Mid Worcestershire');
insert into guest values (1484,N'Sir Edward',N'Leigh',N'Gainsborough');
insert into guest values (1485,N'Charlotte',N'Leslie',N'Bristol North West');
insert into guest values (1486,N'Mr Oliver',N'Letwin',N'West Dorset');
insert into guest values (1487,N'Mr Jonathan',N'Lord',N'Woking');
insert into guest values (1488,N'David',N'Mackintosh',N'Northampton South');
insert into guest values (1489,N'Seema',N'Malhotra',N'Feltham and Heston');
insert into guest values (1490,N'Dr Tania',N'Mathias',N'Twickenham');
insert into guest values (1491,N'Stephen',N'Metcalfe',N'South Basildon and East Thurrock');
insert into guest values (1492,N'Mrs Maria',N'Miller',N'Basingstoke');
insert into guest values (1493,N'Mr David',N'Nuttall',N'Bury North');
insert into guest values (1494,N'Mr Owen',N'Paterson',N'North Shropshire');
insert into guest values (1495,N'Stephen',N'Phillips',N'Sleaford and North Hykeham');
insert into guest values (1496,N'Sir Eric',N'Pickles',N'Brentwood and Ongar');
insert into guest values (1497,N'Victoria',N'Prentis',N'Banbury');
insert into guest values (1498,N'Andrew',N'Rosindell',N'Romford');
insert into guest values (1499,N'Mr Keith',N'Simpson',N'Broadland');
insert into guest values (1500,N'Andrew',N'Stephenson',N'Pendle');
insert into guest values (1501,N'Mr Gary',N'Streeter',N'South West Devon');
insert into guest values (1502,N'Justin',N'Tomlinson',N'North Swindon');
insert into guest values (1503,N'David',N'Tredinnick',N'Bosworth');
insert into guest values (1504,N'Mr Andrew',N'Turner',N'Isle of Wight');
insert into guest values (1505,N'Mr Edward',N'Vaizey',N'Wantage');
insert into guest values (1506,N'Mr Shailesh',N'Vara',N'North West Cambridgeshire');
insert into guest values (1507,N'Gavin',N'Williamson',N'South Staffordshire');
insert into guest values (1508,N'Mr Julian',N'Brazier',N'Canterbury');
insert into guest values (1509,N'James',N'Brokenshire',N'Old Bexley and Sidcup');
insert into guest values (1510,N'Mr David',N'Burrowes',N'Enfield, Southgate');
insert into guest values (1511,N'Mr Kenneth',N'Clarke',N'Rushcliffe');
insert into guest values (1512,N'Mr Nick',N'Clegg',N'Sheffield, Hallam');
insert into guest values (1513,N'Dr Thérèse ',N'Coffey',N'Suffolk Coastal');
insert into guest values (1514,N'Caroline',N'Dinenage',N'Gosport');
insert into guest values (1515,N'Stephen',N'Doughty',N'Cardiff South and Penarth');
insert into guest values (1516,N'Mrs Flick',N'Drummond',N'Portsmouth South');
insert into guest values (1517,N'Mr Tobias',N'Ellwood',N'Bournemouth East');
insert into guest values (1518,N'Michael',N'Fabricant',N'Lichfield');
insert into guest values (1519,N'Mrs Cheryl',N'Gillan',N'Chesham and Amersham');
insert into guest values (1520,N'Mr Dominic',N'Grieve',N'Beaconsfield');
insert into guest values (1521,N'Mr Philip',N'Hammond',N'Runnymede and Weybridge');
insert into guest values (1522,N'Mr Bernard',N'Jenkin',N'Harwich and North Essex');
insert into guest values (1523,N'Daniel',N'Kawczynski',N'Shrewsbury and Atcham');
insert into guest values (1524,N'Mrs Eleanor',N'Laing',N'Epping Forest');
insert into guest values (1525,N'Stephen',N'McPartland',N'Stevenage');
insert into guest values (1526,N'Rachael',N'Maskell',N'York Central');
insert into guest values (1527,N'Anne Marie',N'Morris',N'Newton Abbot');
insert into guest values (1528,N'Dr Matthew',N'Offord',N'Hendon');
insert into guest values (1529,N'Mr George',N'Osborne',N'Tatton');
insert into guest values (1530,N'Mr Jacob',N'Rees-Mogg',N'North East Somerset');
insert into guest values (1531,N'Mr Gavin',N'Shuker',N'Luton South');
insert into guest values (1532,N'Sir Desmond',N'Swayne',N'New Forest West');
insert into guest values (1533,N'Michael',N'Tomlinson',N'Mid Dorset and North Poole');
insert into guest values (1534,N'Mr Charles',N'Walker',N'Broxbourne');
insert into guest values (1535,N'Mr Adrian',N'Bailey',N'West Bromwich West');
insert into guest values (1536,N'Sir Paul',N'Beresford',N'Mole Valley');
insert into guest values (1537,N'Dr Roberta',N'Blackman-Woods',N'City of Durham');
insert into guest values (1538,N'David T. C.',N'Davies',N'Monmouth');
insert into guest values (1539,N'Jackie',N'Doyle-Price',N'Thurrock');
insert into guest values (1540,N'Sir Edward',N'Garnier',N'Harborough');
insert into guest values (1541,N'Mr Robert',N'Goodwill',N'Scarborough and Whitby');
insert into guest values (1542,N'Richard',N'Harrington',N'Watford');
insert into guest values (1543,N'Chris',N'Heaton-Harris',N'Daventry');
insert into guest values (1544,N'Peter',N'Heaton-Jones',N'North Devon');
insert into guest values (1545,N'Mr Mark',N'Hendrick',N'Preston');
insert into guest values (1546,N'George',N'Hollingbery',N'Meon Valley');
insert into guest values (1547,N'Sir Gerald',N'Howarth',N'Aldershot');
insert into guest values (1548,N'Mr Stewart',N'Jackson',N'Peterborough');
insert into guest values (1549,N'Mr David',N'Lidington',N'Aylesbury');
insert into guest values (1550,N'Mr Andrew',N'Mitchell',N'Sutton Coldfield');
insert into guest values (1551,N'Mrs Sheryll',N'Murray',N'South East Cornwall');
insert into guest values (1552,N'Dr Andrew',N'Murrison',N'South West Wiltshire');
insert into guest values (1553,N'Antoinette',N'Sandbach',N'Eddisbury');
insert into guest values (1554,N'Liz',N'Saville Roberts',N'Dwyfor Meirionnydd');
insert into guest values (1555,N'Sir Nicholas',N'Soames',N'Mid Sussex');
insert into guest values (1556,N'Dr Sarah',N'Wollaston',N'Totnes');
insert into guest values (1557,N'Jonathan',N'Ashworth',N'Leicester South');
insert into guest values (1558,N'Sir Henry',N'Bellingham',N'North West Norfolk');
insert into guest values (1559,N'Sir Peter',N'Bottomley',N'Worthing West');
insert into guest values (1560,N'Mr Christopher',N'Chope',N'Christchurch');
insert into guest values (1561,N'Mr Jonathan',N'Djanogly',N'Huntingdon');
insert into guest values (1562,N'Mr Iain',N'Duncan Smith',N'Chingford and Woodford Green');
insert into guest values (1563,N'Mrs Louise',N'Ellman',N'Liverpool, Riverside');
insert into guest values (1564,N'Sir Alan',N'Haselhurst',N'Saffron Walden');
insert into guest values (1565,N'Mr Philip',N'Hollobone',N'Kettering');
insert into guest values (1566,N'Mr Ranil',N'Jayawardena',N'North East Hampshire');
insert into guest values (1567,N'Greg',N'Mulholland',N'Leeds North West');
insert into guest values (1568,N'Christopher',N'Pincher',N'Tamworth');
insert into guest values (1569,N'Jonathan',N'Reynolds',N'Stalybridge and Hyde');
insert into guest values (1570,N'Mr Barry',N'Sheerman',N'Huddersfield');
insert into guest values (1571,N'Mrs Caroline',N'Spelman',N'Meriden');
insert into guest values (1572,N'Mrs Theresa',N'Villiers',N'Chipping Barnet');
insert into guest values (1573,N'Mr John',N'Whittingdale',N'Maldon');
insert into guest values (1574,N'Tom',N'Elliott',N'Fermanagh and South Tyrone');
insert into guest values (1575,N'Neil',N'Gray',N'Airdrie and Shotts');
insert into guest values (1576,N'Chris',N'Law',N'Dundee West');
insert into guest values (1577,N'Mr Patrick',N'McLoughlin',N'Derbyshire Dales');
insert into guest values (1578,N'Mr Laurence',N'Robertson',N'Tewkesbury');
insert into guest values (1579,N'Dame Angela',N'Watkinson',N'Hornchurch and Upminster');
insert into guest values (1580,N'Mike',N'Weir',N'Angus');
insert into guest values (1581,N'Mr Mark',N'Williams',N'Ceredigion');
insert into guest values (1582,N'Alan',N'Brown',N'Kilmarnock and Loudoun');
insert into guest values (1583,N'Geoffrey',N'Clifton-Brown',N'The Cotswolds');
insert into guest values (1584,N'Martyn',N'Day',N'Linlithgow and East Falkirk');
insert into guest values (1585,N'Calum',N'Kerr',N'Berwickshire, Roxburgh and Selkirk');
insert into guest values (1586,N'Peter',N'Grant',N'Glenrothes');
insert into guest values (1587,N'Drew',N'Hendry',N'Inverness, Nairn, Badenoch and Strathspey');
insert into guest values (1588,N'Danny',N'Kinahan',N'South Antrim');
insert into guest values (1589,N'Mr Ian',N'Liddell-Grainger',N'Bridgwater and West Somerset');
insert into guest values (1590,N'Mhairi',N'Black',N'Paisley and Renfrewshire South');
insert into guest values (1591,N'Deidre',N'Brock',N'Edinburgh North and Leith');
insert into guest values (1592,N'Ronnie',N'Cowan',N'Inverclyde');
insert into guest values (1593,N'Roger',N'Mullin',N'Kirkcaldy and Cowdenbeath');
insert into guest values (1594,N'Alex',N'Salmond',N'Gordon');
insert into guest values (1595,N'Mrs Anne-Marie',N'Trevelyan',N'Berwick-upon-Tweed');
insert into guest values (1596,N'Corri',N'Wilson',N'Ayr, Carrick and Cumnock');
insert into guest values (1597,N'Pete',N'Wishart',N'Perth and North Perthshire');
insert into guest values (1598,N'Ian',N'Blackford',N'Ross, Skye and Lochaber');
insert into guest values (1599,N'Joanna',N'Cherry',N'Edinburgh South West');
insert into guest values (1600,N'Patrick',N'Grady',N'Glasgow North');
insert into guest values (1601,N'Stewart',N'Hosie',N'Dundee East');
insert into guest values (1602,N'John',N'Mc Nally',N'Falkirk');
insert into guest values (1603,N'Callum',N'McCaig',N'Aberdeen South');
insert into guest values (1604,N'John',N'Nicolson',N'East Dunbartonshire');
insert into guest values (1605,N'Ian',N'Paisley',N'North Antrim');
insert into guest values (1606,N'Jim',N'Shannon',N'Strangford');
insert into guest values (1607,N'Owen',N'Thompson',N'Midlothian');
insert into guest values (1608,N'Hannah',N'Bardell',N'Livingston');
insert into guest values (1609,N'Philip',N'Boswell',N'Coatbridge, Chryston and Bellshill');
insert into guest values (1610,N'Angela',N'Crawley',N'Lanark and Hamilton East');
insert into guest values (1611,N'Marion',N'Fellows',N'Motherwell and Wishaw');
insert into guest values (1612,N'George',N'Kerevan',N'East Lothian');
insert into guest values (1613,N'Carol',N'Monaghan',N'Glasgow North West');
insert into guest values (1614,N'Gavin',N'Newlands',N'Paisley and Renfrewshire North');
insert into guest values (1615,N'Brendan',N'O''Hara',N'Argyll and Bute');
insert into guest values (1616,N'Kirsten',N'Oswald',N'East Renfrewshire');
insert into guest values (1617,N'Tommy',N'Sheppard',N'Edinburgh East');
insert into guest values (1618,N'Chris',N'Stephens',N'Glasgow South West');
insert into guest values (1619,N'Sammy',N'Wilson',N'East Antrim');
insert into guest values (1620,N'Richard',N'Arkless',N'Dumfries and Galloway');
insert into guest values (1621,N'Kirsty',N'Blackman',N'Aberdeen North');
insert into guest values (1622,N'Dr Lisa',N'Cameron',N'East Kilbride, Strathaven and Lesmahagow');
insert into guest values (1623,N'Mr Alistair',N'Carmichael',N'Orkney and Shetland');
insert into guest values (1624,N'Douglas',N'Chapman',N'Dunfermline and West Fife');
insert into guest values (1625,N'Stephen',N'Gethins',N'North East Fife');
insert into guest values (1626,N'Patricia',N'Gibson',N'North Ayrshire and Arran');
insert into guest values (1627,N'Anne',N'McLaughlin',N'Glasgow North East');
insert into guest values (1628,N'Steven',N'Paterson',N'Stirling');
insert into guest values (1629,N'Angus',N'Robertson',N'Moray');
insert into guest values (1630,N'David',N'Simpson',N'Upper Bann');
insert into guest values (1631,N'Alison',N'Thewliss',N'Glasgow Central');
insert into guest values (1632,N'Mr Nigel',N'Dodds',N'Belfast North');
insert into guest values (1633,N'Margaret',N'Ferrier',N'Rutherglen and Hamilton West');
insert into guest values (1634,N'Dr Paul',N'Monaghan',N'Caithness, Sutherland and Easter Ross');
insert into guest values (1635,N'Gavin',N'Robinson',N'Belfast East');
insert into guest values (1636,N'Mr Douglas',N'Carswell',N'Clacton');
insert into guest values (1637,N'Stuart C.',N'McDonald',N'Cumbernauld, Kilsyth and Kirkintilloch East');
insert into guest values (1638,N'Dr Eilidh',N'Whiteford',N'Banff and Buchan');
insert into guest values (1639,N'Mark',N'Durkan',N'Foyle');
insert into guest values (1640,N'Dr Philippa',N'Whitford',N'Central Ayrshire');
insert into guest values (1641,N'Mr Gregory',N'Campbell',N'East Londonderry');
insert into guest values (1642,N'Angus Brendan',N'MacNeil',N'Na h-Eileanan an Iar');
insert into guest values (1643,N'Ms Tasmina',N'Ahmed-Sheikh',N'Ochil and South Perthshire');
insert into guest values (1644,N'Martin',N'Docherty-Hughes',N'West Dunbartonshire');
insert into guest values (1645,N'Stuart Blair',N'Donaldson',N'West Aberdeenshire and Kincardine');
insert into guest values (1646,N'Stewart Malcolm',N'McDonald',N'Glasgow South');
insert into guest values (1647,N'Sir Jeffrey M.',N'Donaldson',N'Lagan Valley');
insert into guest values (1648,N'Ms Margaret',N'Ritchie',N'South Down');
insert into guest values (1649,N'Dr Alasdair',N'McDonnell',N'Belfast South');
insert into booking values (5001,'2016-11-03',101,1027,1,N'single',7,N'13:00');
insert into booking values (5002,'2016-11-03',102,1179,1,N'double',2,N'18:00');
insert into booking values (5003,'2016-11-03',103,1106,2,N'double',2,N'21:00');
insert into booking values (5004,'2016-11-03',104,1238,1,N'double',3,N'22:00');
insert into booking values (5005,'2016-11-03',105,1540,3,N'family',7,N'17:00');
insert into booking values (5006,'2016-11-03',106,1021,1,N'double',3,N'21:00');
insert into booking values (5007,'2016-11-03',107,1623,1,N'double',3,N'16:00');
insert into booking values (5008,'2016-11-03',108,1136,1,N'double',1,N'20:00');
insert into booking values (5009,'2016-11-03',109,1585,2,N'double',4,N'12:00');
insert into booking values (5011,'2016-11-03',201,1613,1,N'single',6,N'13:00');
insert into booking values (5012,'2016-11-03',202,1601,1,N'double',2,N'18:00');
insert into booking values (5013,'2016-11-03',203,1027,1,N'double',6,N'19:00');
insert into booking values (5014,'2016-11-03',204,1592,1,N'double',2,N'14:00');
insert into booking values (5015,'2016-11-03',205,1331,3,N'family',4,N'22:00');
insert into booking values (5016,'2016-11-03',206,1268,2,N'double',3,N'12:00');
insert into booking values (5017,'2016-11-03',207,1486,2,N'double',7,N'21:00');
insert into booking values (5018,'2016-11-03',208,1622,2,N'double',1,N'18:00');
insert into booking values (5019,'2016-11-03',209,1564,1,N'double',3,N'19:00');
insert into booking values (5020,'2016-11-03',210,1626,2,N'double',5,N'14:00');
insert into booking values (5021,'2016-11-03',301,1406,1,N'single',4,N'21:00');
insert into booking values (5022,'2016-11-03',302,1009,2,N'double',2,N'18:00');
insert into booking values (5023,'2016-11-03',303,1041,1,N'double',1,N'15:00');
insert into booking values (5024,'2016-11-03',304,1373,1,N'double',7,N'18:00');
insert into booking values (5025,'2016-11-03',305,1490,3,N'family',1,N'21:00');
insert into booking values (5026,'2016-11-03',306,1280,1,N'double',6,N'18:00');
insert into booking values (5027,'2016-11-03',307,1367,2,N'double',7,N'20:00');
insert into booking values (5028,'2016-11-03',308,1102,2,N'double',3,N'19:00');
insert into booking values (5029,'2016-11-03',309,1060,1,N'double',1,N'21:00');
insert into booking values (5030,'2016-11-03',310,1055,1,N'double',6,N'21:00');
insert into booking values (5031,'2016-11-10',101,1492,1,N'single',5,N'14:00');
insert into booking values (5032,'2016-11-05',102,1502,2,N'double',2,N'22:00');
insert into booking values (5033,'2016-11-05',103,1333,1,N'double',3,N'21:00');
insert into booking values (5034,'2016-11-06',104,1310,2,N'double',5,N'13:00');
insert into booking values (5035,'2016-11-10',105,1155,1,N'family',2,N'19:00');
insert into booking values (5036,'2016-11-06',106,1390,2,N'double',2,N'17:00');
insert into booking values (5037,'2016-11-06',107,1130,1,N'double',3,N'20:00');
insert into booking values (5038,'2016-11-04',108,1544,1,N'double',5,N'19:00');
insert into booking values (5039,'2016-11-07',109,1222,2,N'double',2,N'15:00');
insert into booking values (5040,'2016-11-06',110,1270,2,N'double',1,N'18:00');
insert into booking values (5041,'2016-11-09',201,1503,1,N'single',1,N'17:00');
insert into booking values (5042,'2016-11-05',202,1028,2,N'double',4,N'14:00');
insert into booking values (5043,'2016-11-09',203,1596,1,N'double',4,N'14:00');
insert into booking values (5044,'2016-11-05',204,1460,1,N'double',4,N'16:00');
insert into booking values (5045,'2016-11-07',205,1303,3,N'family',3,N'16:00');
insert into booking values (5046,'2016-11-06',206,1443,2,N'double',2,N'12:00');
insert into booking values (5047,'2016-11-10',207,1014,2,N'double',4,N'18:00');
insert into booking values (5048,'2016-11-04',208,1168,1,N'double',3,N'13:00');
insert into booking values (5049,'2016-11-06',209,1470,1,N'double',3,N'19:00');
insert into booking values (5050,'2016-11-08',210,1315,2,N'double',3,N'22:00');
insert into booking values (5051,'2016-11-07',301,1540,1,N'single',4,N'12:00');
insert into booking values (5052,'2016-11-05',302,1039,2,N'double',5,N'15:00');
insert into booking values (5053,'2016-11-04',303,1387,1,N'double',3,N'13:00');
insert into booking values (5054,'2016-11-10',304,1320,1,N'double',3,N'20:00');
insert into booking values (5055,'2016-11-04',305,1139,1,N'family',3,N'19:00');
insert into booking values (5056,'2016-11-09',306,1330,2,N'double',1,N'14:00');
insert into booking values (5057,'2016-11-10',307,1637,1,N'double',3,N'16:00');
insert into booking values (5058,'2016-11-06',308,1154,2,N'double',1,N'21:00');
insert into booking values (5059,'2016-11-04',309,1203,2,N'double',2,N'19:00');
insert into booking values (5060,'2016-11-09',310,1127,1,N'double',2,N'16:00');
insert into booking values (5061,'2016-11-15',101,1344,1,N'single',1,N'13:00');
insert into booking values (5062,'2016-11-07',102,1295,1,N'double',2,N'21:00');
insert into booking values (5063,'2016-11-08',103,1185,2,N'double',3,N'14:00');
insert into booking values (5064,'2016-11-11',104,1601,1,N'double',3,N'13:00');
insert into booking values (5065,'2016-11-12',105,1500,2,N'family',3,N'17:00');
insert into booking values (5066,'2016-11-08',106,1475,2,N'double',1,N'15:00');
insert into booking values (5067,'2016-11-09',107,1372,2,N'double',4,N'12:00');
insert into booking values (5068,'2016-11-09',108,1138,1,N'double',4,N'20:00');
insert into booking values (5069,'2016-11-09',109,1313,2,N'double',5,N'21:00');
insert into booking values (5070,'2016-11-07',110,1159,2,N'double',2,N'12:00');
insert into booking values (5071,'2016-11-10',201,1167,1,N'single',4,N'22:00');
insert into booking values (5072,'2016-11-09',202,1432,1,N'double',5,N'17:00');
insert into booking values (5073,'2016-11-13',203,1283,1,N'double',5,N'17:00');
insert into booking values (5074,'2016-11-09',204,1435,2,N'double',3,N'17:00');
insert into booking values (5075,'2016-11-10',205,1404,1,N'family',5,N'21:00');
insert into booking values (5076,'2016-11-08',206,1603,1,N'double',5,N'19:00');
insert into booking values (5077,'2016-11-14',207,1112,1,N'double',5,N'22:00');
insert into booking values (5078,'2016-11-07',208,1498,1,N'double',3,N'20:00');
insert into booking values (5079,'2016-11-09',209,1198,2,N'double',4,N'16:00');
insert into booking values (5080,'2016-11-11',210,1348,2,N'double',4,N'13:00');
insert into booking values (5081,'2016-11-11',301,1138,1,N'single',4,N'12:00');
insert into booking values (5082,'2016-11-10',302,1473,2,N'double',2,N'17:00');
insert into booking values (5083,'2016-11-07',303,1178,2,N'double',1,N'23:00');
insert into booking values (5084,'2016-11-13',304,1549,1,N'double',1,N'21:00');
insert into booking values (5085,'2016-11-07',305,1110,3,N'family',3,N'12:00');
insert into booking values (5086,'2016-11-10',306,1634,1,N'double',4,N'19:00');
insert into booking values (5087,'2016-11-13',307,1624,2,N'double',3,N'17:00');
insert into booking values (5088,'2016-11-07',308,1390,1,N'double',2,N'12:00');
insert into booking values (5089,'2016-11-06',309,1295,2,N'double',3,N'22:00');
insert into booking values (5090,'2016-11-11',310,1241,2,N'double',1,N'13:00');
insert into booking values (5091,'2016-11-16',101,1185,1,N'single',1,N'20:00');
insert into booking values (5092,'2016-11-09',102,1064,2,N'double',5,N'16:00');
insert into booking values (5093,'2016-11-11',103,1480,1,N'double',4,N'13:00');
insert into booking values (5094,'2016-11-14',104,1487,1,N'double',3,N'16:00');
insert into booking values (5095,'2016-11-15',105,1127,1,N'family',5,N'22:00');
insert into booking values (5096,'2016-11-09',106,1363,2,N'double',2,N'17:00');
insert into booking values (5097,'2016-11-13',107,1051,1,N'double',4,N'20:00');
insert into booking values (5098,'2016-11-13',108,1420,1,N'double',1,N'12:00');
insert into booking values (5099,'2016-11-14',109,1315,2,N'double',1,N'22:00');
insert into booking values (5101,'2016-11-14',201,1287,1,N'single',4,N'19:00');
insert into booking values (5102,'2016-11-14',202,1336,2,N'double',1,N'14:00');
insert into booking values (5103,'2016-11-18',203,1133,2,N'double',3,N'18:00');
insert into booking values (5104,'2016-11-12',204,1339,1,N'double',5,N'13:00');
insert into booking values (5105,'2016-11-15',205,1323,1,N'family',4,N'21:00');
insert into booking values (5106,'2016-11-13',206,1019,1,N'double',3,N'20:00');
insert into booking values (5107,'2016-11-19',207,1649,2,N'double',4,N'14:00');
insert into booking values (5108,'2016-11-10',208,1608,2,N'double',5,N'20:00');
insert into booking values (5109,'2016-11-13',209,1490,2,N'double',4,N'13:00');
insert into booking values (5110,'2016-11-15',210,1649,1,N'double',4,N'19:00');
insert into booking values (5111,'2016-11-15',301,1407,1,N'single',2,N'21:00');
insert into booking values (5112,'2016-11-12',302,1556,2,N'double',4,N'18:00');
insert into booking values (5113,'2016-11-08',303,1627,2,N'double',2,N'23:00');
insert into booking values (5114,'2016-11-14',304,1595,1,N'double',5,N'19:00');
insert into booking values (5115,'2016-11-10',305,1295,1,N'family',1,N'22:00');
insert into booking values (5116,'2016-11-14',306,1240,1,N'double',2,N'17:00');
insert into booking values (5117,'2016-11-16',307,1520,2,N'double',2,N'13:00');
insert into booking values (5118,'2016-11-09',308,1511,2,N'double',4,N'17:00');
insert into booking values (5119,'2016-11-09',309,1282,1,N'double',1,N'15:00');
insert into booking values (5120,'2016-11-12',310,1106,1,N'double',5,N'17:00');
insert into booking values (5121,'2016-11-17',101,1187,1,N'single',5,N'23:00');
insert into booking values (5122,'2016-11-14',102,1400,2,N'double',1,N'14:00');
insert into booking values (5123,'2016-11-15',103,1041,2,N'double',4,N'22:00');
insert into booking values (5124,'2016-11-17',104,1477,2,N'double',2,N'20:00');
insert into booking values (5125,'2016-11-20',105,1231,2,N'family',2,N'20:00');
insert into booking values (5126,'2016-11-11',106,1564,1,N'double',4,N'18:00');
insert into booking values (5127,'2016-11-17',107,1393,1,N'double',5,N'13:00');
insert into booking values (5128,'2016-11-14',108,1531,2,N'double',3,N'18:00');
insert into booking values (5129,'2016-11-15',109,1624,2,N'double',1,N'12:00');
insert into booking values (5130,'2016-11-10',110,1564,2,N'double',4,N'20:00');
insert into booking values (5131,'2016-11-18',201,1306,1,N'single',3,N'19:00');
insert into booking values (5132,'2016-11-15',202,1020,2,N'double',1,N'15:00');
insert into booking values (5133,'2016-11-21',203,1075,2,N'double',2,N'14:00');
insert into booking values (5134,'2016-11-17',204,1431,1,N'double',2,N'20:00');
insert into booking values (5135,'2016-11-19',205,1399,3,N'family',1,N'17:00');
insert into booking values (5136,'2016-11-16',206,1614,2,N'double',1,N'20:00');
insert into booking values (5137,'2016-11-23',207,1640,2,N'double',2,N'18:00');
insert into booking values (5138,'2016-11-15',208,1155,1,N'double',5,N'20:00');
insert into booking values (5139,'2016-11-17',209,1528,1,N'double',1,N'18:00');
insert into booking values (5141,'2016-11-17',301,1086,1,N'single',5,N'21:00');
insert into booking values (5142,'2016-11-16',302,1133,1,N'double',5,N'15:00');
insert into booking values (5143,'2016-11-10',303,1038,2,N'double',4,N'23:00');
insert into booking values (5145,'2016-11-11',305,1247,2,N'family',3,N'21:00');
insert into booking values (5146,'2016-11-16',306,1091,1,N'double',4,N'14:00');
insert into booking values (5147,'2016-11-18',307,1383,2,N'double',4,N'19:00');
insert into booking values (5148,'2016-11-13',308,1238,1,N'double',4,N'20:00');
insert into booking values (5149,'2016-11-10',309,1017,2,N'double',1,N'21:00');
insert into booking values (5150,'2016-11-17',310,1526,1,N'double',5,N'20:00');
insert into booking values (5151,'2016-11-22',101,1037,1,N'single',5,N'16:00');
insert into booking values (5152,'2016-11-15',102,1598,2,N'double',2,N'13:00');
insert into booking values (5153,'2016-11-19',103,1552,1,N'double',3,N'13:00');
insert into booking values (5154,'2016-11-19',104,1224,1,N'double',5,N'16:00');
insert into booking values (5155,'2016-11-22',105,1241,2,N'family',5,N'19:00');
insert into booking values (5156,'2016-11-15',106,1208,1,N'double',5,N'17:00');
insert into booking values (5157,'2016-11-22',107,1062,1,N'double',3,N'17:00');
insert into booking values (5158,'2016-11-17',108,1049,1,N'double',1,N'22:00');
insert into booking values (5159,'2016-11-16',109,1249,2,N'double',3,N'16:00');
insert into booking values (5160,'2016-11-14',110,1394,2,N'double',5,N'17:00');
insert into booking values (5161,'2016-11-21',201,1354,1,N'single',2,N'13:00');
insert into booking values (5162,'2016-11-16',202,1600,2,N'double',3,N'16:00');
insert into booking values (5163,'2016-11-23',203,1325,2,N'double',2,N'18:00');
insert into booking values (5164,'2016-11-19',204,1015,2,N'double',5,N'22:00');
insert into booking values (5169,'2016-11-18',209,1561,2,N'double',5,N'23:00');
insert into booking values (5171,'2016-11-22',301,1637,1,N'single',1,N'15:00');
insert into booking values (5172,'2016-11-21',302,1325,2,N'double',2,N'19:00');
insert into booking values (5173,'2016-11-14',303,1489,1,N'double',3,N'18:00');
insert into booking values (5175,'2016-11-14',305,1304,3,N'family',2,N'12:00');
insert into booking values (5176,'2016-11-20',306,1250,1,N'double',4,N'21:00');
insert into booking values (5177,'2016-11-22',307,1298,1,N'double',4,N'14:00');
insert into booking values (5178,'2016-11-17',308,1331,2,N'double',5,N'15:00');
insert into booking values (5179,'2016-11-11',309,1496,2,N'double',1,N'22:00');
insert into booking values (5180,'2016-11-22',310,1444,1,N'double',4,N'13:00');
insert into booking values (5181,'2016-11-27',101,1649,1,N'single',3,N'15:00');
insert into booking values (5182,'2016-11-17',102,1394,1,N'double',1,N'14:00');
insert into booking values (5183,'2016-11-22',103,1176,2,N'double',1,N'19:00');
insert into booking values (5184,'2016-11-24',104,1397,2,N'double',2,N'14:00');
insert into booking values (5185,'2016-11-27',105,1061,2,N'family',2,N'14:00');
insert into booking values (5186,'2016-11-20',106,1209,1,N'double',2,N'13:00');
insert into booking values (5187,'2016-11-25',107,1585,1,N'double',4,N'23:00');
insert into booking values (5188,'2016-11-18',108,1470,2,N'double',3,N'13:00');
insert into booking values (5189,'2016-11-19',109,1199,2,N'double',4,N'19:00');
insert into booking values (5190,'2016-11-19',110,1092,1,N'double',5,N'17:00');
insert into booking values (5191,'2016-11-23',201,1064,1,N'single',1,N'18:00');
insert into booking values (5192,'2016-11-19',202,1531,1,N'double',3,N'19:00');
insert into booking values (5193,'2016-11-25',203,1078,1,N'double',5,N'13:00');
insert into booking values (5194,'2016-11-24',204,1040,1,N'double',5,N'20:00');
insert into booking values (5195,'2016-11-23',205,1491,1,N'family',5,N'14:00');
insert into booking values (5196,'2016-11-19',206,1217,2,N'double',3,N'13:00');
insert into booking values (5197,'2016-11-27',207,1205,2,N'double',2,N'17:00');
insert into booking values (5198,'2016-11-25',208,1428,2,N'double',1,N'17:00');
insert into booking values (5199,'2016-11-23',209,1476,2,N'double',3,N'15:00');
insert into booking values (5201,'2016-11-23',301,1388,1,N'single',1,N'16:00');
insert into booking values (5202,'2016-11-23',302,1445,1,N'double',4,N'13:00');
insert into booking values (5203,'2016-11-17',303,1424,1,N'double',5,N'22:00');
insert into booking values (5204,'2016-11-26',304,1608,1,N'double',5,N'17:00');
insert into booking values (5205,'2016-11-16',305,1152,1,N'family',1,N'21:00');
insert into booking values (5206,'2016-11-24',306,1460,2,N'double',4,N'19:00');
insert into booking values (5207,'2016-11-26',307,1575,2,N'double',2,N'17:00');
insert into booking values (5208,'2016-11-22',308,1254,2,N'double',2,N'21:00');
insert into booking values (5209,'2016-11-12',309,1208,1,N'double',5,N'21:00');
insert into booking values (5210,'2016-11-26',310,1457,1,N'double',3,N'17:00');
insert into booking values (5211,'2016-11-30',101,1064,1,N'single',3,N'22:00');
insert into booking values (5212,'2016-11-18',102,1286,2,N'double',1,N'19:00');
insert into booking values (5213,'2016-11-23',103,1382,1,N'double',5,N'19:00');
insert into booking values (5214,'2016-11-26',104,1063,1,N'double',3,N'14:00');
insert into booking values (5215,'2016-11-29',105,1293,1,N'family',4,N'14:00');
insert into booking values (5216,'2016-11-22',106,1269,2,N'double',5,N'23:00');
insert into booking values (5217,'2016-11-29',107,1221,2,N'double',2,N'15:00');
insert into booking values (5218,'2016-11-21',108,1235,2,N'double',4,N'17:00');
insert into booking values (5219,'2016-11-23',109,1193,1,N'double',2,N'18:00');
insert into booking values (5220,'2016-11-24',110,1221,1,N'double',3,N'18:00');
insert into booking values (5221,'2016-11-24',201,1094,1,N'single',3,N'16:00');
insert into booking values (5222,'2016-11-22',202,1143,1,N'double',5,N'22:00');
insert into booking values (5223,'2016-11-30',203,1414,2,N'double',5,N'20:00');
insert into booking values (5224,'2016-11-29',204,1547,2,N'double',4,N'13:00');
insert into booking values (5225,'2016-11-28',205,1614,1,N'family',4,N'19:00');
insert into booking values (5226,'2016-11-22',206,1647,1,N'double',4,N'22:00');
insert into booking values (5227,'2016-11-29',207,1339,1,N'double',3,N'21:00');
insert into booking values (5228,'2016-11-26',208,1313,1,N'double',5,N'21:00');
insert into booking values (5229,'2016-11-26',209,1441,2,N'double',4,N'16:00');
insert into booking values (5231,'2016-11-24',301,1411,1,N'single',3,N'18:00');
insert into booking values (5232,'2016-11-27',302,1534,2,N'double',2,N'20:00');
insert into booking values (5233,'2016-11-22',303,1625,2,N'double',1,N'18:00');
insert into booking values (5234,'2016-12-01',304,1421,2,N'double',1,N'17:00');
insert into booking values (5235,'2016-11-17',305,1588,2,N'family',3,N'13:00');
insert into booking values (5236,'2016-11-28',306,1169,1,N'double',4,N'16:00');
insert into booking values (5237,'2016-11-28',307,1003,1,N'double',1,N'14:00');
insert into booking values (5238,'2016-11-24',308,1173,1,N'double',1,N'17:00');
insert into booking values (5239,'2016-11-17',309,1342,2,N'double',1,N'18:00');
insert into booking values (5240,'2016-11-29',310,1547,2,N'double',2,N'18:00');
insert into booking values (5241,'2016-12-03',101,1266,1,N'single',5,N'16:00');
insert into booking values (5242,'2016-11-19',102,1301,2,N'double',5,N'13:00');
insert into booking values (5243,'2016-11-28',103,1492,1,N'double',4,N'20:00');
insert into booking values (5244,'2016-11-29',104,1473,1,N'double',3,N'19:00');
insert into booking values (5245,'2016-12-03',105,1459,2,N'family',4,N'14:00');
insert into booking values (5246,'2016-11-27',106,1544,1,N'double',4,N'20:00');
insert into booking values (5247,'2016-12-01',107,1362,2,N'double',4,N'21:00');
insert into booking values (5248,'2016-11-25',108,1379,2,N'double',1,N'17:00');
insert into booking values (5249,'2016-11-25',109,1223,1,N'double',3,N'20:00');
insert into booking values (5250,'2016-11-27',110,1380,1,N'double',2,N'12:00');
insert into booking values (5251,'2016-11-27',201,1630,1,N'single',4,N'15:00');
insert into booking values (5252,'2016-11-27',202,1144,2,N'double',5,N'20:00');
insert into booking values (5253,'2016-12-05',203,1287,2,N'double',5,N'17:00');
insert into booking values (5254,'2016-12-03',204,1323,2,N'double',4,N'14:00');
insert into booking values (5255,'2016-12-02',205,1597,1,N'family',2,N'18:00');
insert into booking values (5256,'2016-11-26',206,1062,1,N'double',1,N'20:00');
insert into booking values (5257,'2016-12-02',207,1148,2,N'double',5,N'12:00');
insert into booking values (5258,'2016-12-01',208,1017,2,N'double',5,N'21:00');
insert into booking values (5259,'2016-11-30',209,1280,2,N'double',4,N'21:00');
insert into booking values (5260,'2016-11-27',210,1374,1,N'double',1,N'18:00');
insert into booking values (5261,'2016-11-27',301,1173,1,N'single',5,N'20:00');
insert into booking values (5262,'2016-11-29',302,1291,1,N'double',4,N'14:00');
insert into booking values (5263,'2016-11-23',303,1100,1,N'double',4,N'16:00');
insert into booking values (5264,'2016-12-02',304,1092,1,N'double',3,N'17:00');
insert into booking values (5265,'2016-11-20',305,1062,1,N'family',4,N'18:00');
insert into booking values (5266,'2016-12-02',306,1550,1,N'double',2,N'14:00');
insert into booking values (5267,'2016-11-29',307,1366,1,N'double',4,N'21:00');
insert into booking values (5268,'2016-11-25',308,1050,2,N'double',4,N'21:00');
insert into booking values (5269,'2016-11-18',309,1639,2,N'double',3,N'23:00');
insert into booking values (5270,'2016-12-01',310,1053,2,N'double',1,N'20:00');
insert into booking values (5271,'2016-12-08',101,1345,1,N'single',2,N'18:00');
insert into booking values (5272,'2016-11-24',102,1571,1,N'double',1,N'19:00');
insert into booking values (5273,'2016-12-02',103,1235,1,N'double',4,N'13:00');
insert into booking values (5274,'2016-12-02',104,1294,2,N'double',4,N'20:00');
insert into booking values (5275,'2016-12-07',105,1108,1,N'family',4,N'16:00');
insert into booking values (5276,'2016-12-01',106,1055,2,N'double',5,N'15:00');
insert into booking values (5277,'2016-12-05',107,1621,2,N'double',3,N'12:00');
insert into booking values (5278,'2016-11-26',108,1224,1,N'double',2,N'21:00');
insert into booking values (5279,'2016-11-28',109,1469,1,N'double',2,N'12:00');
insert into booking values (5280,'2016-11-29',110,1449,1,N'double',4,N'12:00');
insert into booking values (5281,'2016-12-01',201,1640,1,N'single',2,N'17:00');
insert into booking values (5282,'2016-12-02',202,1149,1,N'double',3,N'17:00');
insert into booking values (5283,'2016-12-10',203,1360,2,N'double',5,N'23:00');
insert into booking values (5284,'2016-12-07',204,1057,1,N'double',1,N'15:00');
insert into booking values (5285,'2016-12-04',205,1431,1,N'family',4,N'22:00');
insert into booking values (5286,'2016-11-27',206,1272,2,N'double',3,N'13:00');
insert into booking values (5287,'2016-12-07',207,1110,1,N'double',1,N'13:00');
insert into booking values (5288,'2016-12-06',208,1242,2,N'double',5,N'18:00');
insert into booking values (5289,'2016-12-04',209,1147,2,N'double',3,N'17:00');
insert into booking values (5290,'2016-11-28',210,1074,2,N'double',1,N'23:00');
insert into booking values (5291,'2016-12-02',301,1456,1,N'single',2,N'20:00');
insert into booking values (5292,'2016-12-03',302,1264,1,N'double',2,N'22:00');
insert into booking values (5293,'2016-11-27',303,1183,1,N'double',5,N'13:00');
insert into booking values (5294,'2016-12-05',304,1115,2,N'double',1,N'17:00');
insert into booking values (5295,'2016-11-24',305,1538,3,N'family',5,N'22:00');
insert into booking values (5296,'2016-12-04',306,1629,1,N'double',4,N'18:00');
insert into booking values (5297,'2016-12-03',307,1532,2,N'double',3,N'19:00');
insert into booking values (5298,'2016-11-29',308,1123,2,N'double',4,N'16:00');
insert into booking values (5299,'2016-11-21',309,1336,2,N'double',1,N'21:00');
insert into booking values (5300,'2016-12-02',310,1588,2,N'double',2,N'19:00');
insert into booking values (5301,'2016-12-10',101,1394,1,N'single',5,N'23:00');
insert into booking values (5302,'2016-11-25',102,1306,1,N'double',5,N'16:00');
insert into booking values (5303,'2016-12-06',103,1259,1,N'double',3,N'13:00');
insert into booking values (5304,'2016-12-06',104,1440,2,N'double',4,N'12:00');
insert into booking values (5307,'2016-12-08',107,1542,2,N'double',4,N'23:00');
insert into booking values (5308,'2016-11-28',108,1576,2,N'double',1,N'20:00');
insert into booking values (5309,'2016-11-30',109,1047,1,N'double',3,N'12:00');
insert into booking values (5310,'2016-12-03',110,1471,2,N'double',5,N'12:00');
insert into booking values (5311,'2016-12-03',201,1021,1,N'single',4,N'18:00');
insert into booking values (5312,'2016-12-05',202,1512,2,N'double',5,N'21:00');
insert into booking values (5313,'2016-12-15',203,1312,2,N'double',4,N'21:00');
insert into booking values (5314,'2016-12-08',204,1245,1,N'double',1,N'18:00');
insert into booking values (5315,'2016-12-08',205,1573,3,N'family',3,N'17:00');
insert into booking values (5316,'2016-11-30',206,1509,2,N'double',3,N'13:00');
insert into booking values (5317,'2016-12-08',207,1341,2,N'double',2,N'18:00');
insert into booking values (5318,'2016-12-11',208,1538,1,N'double',3,N'21:00');
insert into booking values (5319,'2016-12-07',209,1241,2,N'double',2,N'15:00');
insert into booking values (5320,'2016-11-29',210,1448,1,N'double',2,N'20:00');
insert into booking values (5321,'2016-12-04',301,1469,1,N'single',1,N'15:00');
insert into booking values (5322,'2016-12-05',302,1528,1,N'double',4,N'18:00');
insert into booking values (5323,'2016-12-02',303,1645,2,N'double',5,N'21:00');
insert into booking values (5324,'2016-12-06',304,1331,2,N'double',1,N'21:00');
insert into booking values (5325,'2016-11-29',305,1204,1,N'family',5,N'19:00');
insert into booking values (5326,'2016-12-08',306,1108,1,N'double',5,N'20:00');
insert into booking values (5327,'2016-12-06',307,1534,1,N'double',4,N'23:00');
insert into booking values (5328,'2016-12-03',308,1289,2,N'double',4,N'12:00');
insert into booking values (5329,'2016-11-22',309,1270,1,N'double',2,N'12:00');
insert into booking values (5330,'2016-12-04',310,1421,2,N'double',4,N'21:00');
insert into booking values (5331,'2016-12-15',101,1273,1,N'single',3,N'19:00');
insert into booking values (5332,'2016-11-30',102,1533,2,N'double',3,N'16:00');
insert into booking values (5333,'2016-12-09',103,1152,1,N'double',2,N'12:00');
insert into booking values (5334,'2016-12-10',104,1462,2,N'double',5,N'14:00');
insert into booking values (5335,'2016-12-16',105,1429,1,N'family',2,N'17:00');
insert into booking values (5336,'2016-12-07',106,1500,2,N'double',5,N'15:00');
insert into booking values (5337,'2016-12-12',107,1051,1,N'double',4,N'15:00');
insert into booking values (5338,'2016-11-29',108,1384,2,N'double',5,N'15:00');
insert into booking values (5339,'2016-12-03',109,1185,2,N'double',4,N'20:00');
insert into booking values (5340,'2016-12-08',110,1227,2,N'double',4,N'14:00');
insert into booking values (5341,'2016-12-07',201,1179,1,N'single',4,N'20:00');
insert into booking values (5342,'2016-12-10',202,1252,2,N'double',5,N'13:00');
insert into booking values (5343,'2016-12-19',203,1526,1,N'double',1,N'13:00');
insert into booking values (5344,'2016-12-09',204,1480,1,N'double',3,N'19:00');
insert into booking values (5345,'2016-12-11',205,1588,3,N'family',3,N'18:00');
insert into booking values (5346,'2016-12-03',206,1048,2,N'double',1,N'14:00');
insert into booking values (5347,'2016-12-10',207,1199,1,N'double',4,N'14:00');
insert into booking values (5348,'2016-12-14',208,1366,2,N'double',3,N'22:00');
insert into booking values (5349,'2016-12-09',209,1375,1,N'double',5,N'19:00');
insert into booking values (5350,'2016-12-01',210,1413,2,N'double',1,N'14:00');
insert into booking values (5351,'2016-12-05',301,1108,1,N'single',5,N'14:00');
insert into booking values (5352,'2016-12-09',302,1390,1,N'double',1,N'23:00');
insert into booking values (5353,'2016-12-07',303,1515,1,N'double',3,N'12:00');
insert into booking values (5354,'2016-12-07',304,1194,1,N'double',4,N'18:00');
insert into booking values (5355,'2016-12-04',305,1419,1,N'family',5,N'16:00');
insert into booking values (5356,'2016-12-13',306,1444,2,N'double',3,N'17:00');
insert into booking values (5357,'2016-12-10',307,1054,1,N'double',3,N'13:00');
insert into booking values (5358,'2016-12-07',308,1072,1,N'double',3,N'23:00');
insert into booking values (5359,'2016-11-24',309,1597,2,N'double',4,N'15:00');
insert into booking values (5360,'2016-12-08',310,1343,2,N'double',3,N'22:00');
insert into booking values (5361,'2016-12-12',301,1001,1,N'single',1,N'12:00');
